[{"name":"render_template.action_view","payload":{"identifier":"/Users/Lingxiao/wdi/homework/lingxiao_wang/week04/games_on_rails/app/views/magic/question.html.erb","layout":"layouts/application"},"time":"2017-06-12T16:45:29.227+10:00","transaction_id":"76b2734ae7dae58b3287","end":"2017-06-12T16:45:29.229+10:00","children":[],"duration":1.858},{"name":"process_action.action_controller","payload":{"controller":"MagicController","action":"question","params":{"controller":"magic","action":"question"},"headers":"Not JSON Encodable","format":"html","method":"GET","path":"/games/magic","status":200,"view_runtime":14.58800002001226,"db_runtime":0},"time":"2017-06-12T16:45:29.213+10:00","transaction_id":"76b2734ae7dae58b3287","end":"2017-06-12T16:45:29.231+10:00","children":[],"duration":18.717000000000002}]