[{"name":"render_template.action_view","payload":{"identifier":"/Users/Lingxiao/wdi/homework/lingxiao_wang/week04/games_on_rails/app/views/magic/question.html.erb","layout":"layouts/application"},"time":"2017-06-12T16:31:41.899+10:00","transaction_id":"ed1a9acb4011aece45ea","end":"2017-06-12T16:31:41.900+10:00","children":[],"duration":1.038},{"name":"process_action.action_controller","payload":{"controller":"MagicController","action":"question","params":{"controller":"magic","action":"question"},"headers":"Not JSON Encodable","format":"html","method":"GET","path":"/games/magic","status":200,"view_runtime":9.804000001167879,"db_runtime":0},"time":"2017-06-12T16:31:41.890+10:00","transaction_id":"ed1a9acb4011aece45ea","end":"2017-06-12T16:31:41.902+10:00","children":[],"duration":12.351}]