[{"name":"render_template.action_view","payload":{"identifier":"/Users/Lingxiao/wdi/homework/lingxiao_wang/week04/games_on_rails/app/views/rps/throw.html.erb","layout":"layouts/application"},"time":"2017-06-12T16:51:37.164+10:00","transaction_id":"cf20054c095a246b3d8c","end":"2017-06-12T16:51:37.166+10:00","children":[],"duration":2.2569999999999997},{"name":"process_action.action_controller","payload":{"controller":"RpsController","action":"throw","params":{"controller":"rps","action":"throw"},"headers":"Not JSON Encodable","format":"html","method":"GET","path":"/games/rps","status":200,"view_runtime":38.70099998312071,"db_runtime":0},"time":"2017-06-12T16:51:37.146+10:00","transaction_id":"cf20054c095a246b3d8c","end":"2017-06-12T16:51:37.188+10:00","children":[],"duration":41.552}]