[{"name":"render_template.action_view","payload":{"identifier":"/Users/Lingxiao/wdi/homework/lingxiao_wang/week04/games_on_rails/app/views/magic/play.html.erb","layout":"layouts/application"},"time":"2017-06-12T16:31:04.830+10:00","transaction_id":"0bbdd726579c59ef0e02","end":"2017-06-12T16:31:04.831+10:00","children":[],"duration":1.209},{"name":"process_action.action_controller","payload":{"controller":"MagicController","action":"play","params":{"question":"will you poop in the mornihg","controller":"magic","action":"play"},"headers":"Not JSON Encodable","format":"html","method":"GET","path":"/games/magic/play?question=will+you+poop+in+the+mornihg","status":200,"view_runtime":11.403000011341646,"db_runtime":0},"time":"2017-06-12T16:31:04.820+10:00","transaction_id":"0bbdd726579c59ef0e02","end":"2017-06-12T16:31:04.834+10:00","children":[],"duration":13.880999999999998}]