[{"name":"render_template.action_view","payload":{"identifier":"/Users/Lingxiao/wdi/homework/lingxiao_wang/week04/games_on_rails/app/views/magic/play.html.erb","layout":"layouts/application"},"time":"2017-06-12T16:31:22.998+10:00","transaction_id":"9a8a5db35c08dc976061","end":"2017-06-12T16:31:22.999+10:00","children":[],"duration":1.1460000000000001},{"name":"process_action.action_controller","payload":{"controller":"MagicController","action":"play","params":{"question":"can i become a great sailor","controller":"magic","action":"play"},"headers":"Not JSON Encodable","format":"html","method":"GET","path":"/games/magic/play?question=can+i+become+a+great+sailor","status":200,"view_runtime":13.226000010035932,"db_runtime":0},"time":"2017-06-12T16:31:22.984+10:00","transaction_id":"9a8a5db35c08dc976061","end":"2017-06-12T16:31:23.001+10:00","children":[],"duration":16.54}]