[{"name":"render_template.action_view","payload":{"identifier":"/Users/Lingxiao/wdi/homework/lingxiao_wang/week04/games_on_rails/app/views/magic/play.html.erb","layout":"layouts/application"},"time":"2017-06-12T16:45:44.553+10:00","transaction_id":"9a8a5db35c08dc976061","end":"2017-06-12T16:45:44.554+10:00","children":[],"duration":1.1720000000000002},{"name":"process_action.action_controller","payload":{"controller":"MagicController","action":"play","params":{"question":"you'll become a pig","controller":"magic","action":"play"},"headers":"Not JSON Encodable","format":"html","method":"GET","path":"/games/magic/play?question=you%27ll+become+a+pig","status":200,"view_runtime":9.890000015730038,"db_runtime":0},"time":"2017-06-12T16:45:44.543+10:00","transaction_id":"9a8a5db35c08dc976061","end":"2017-06-12T16:45:44.556+10:00","children":[],"duration":12.841999999999999}]