[{"name":"render_template.action_view","payload":{"identifier":"/Users/Lingxiao/wdi/homework/lingxiao_wang/week04/games_on_rails/app/views/magic/question.html.erb","layout":"layouts/application"},"time":"2017-06-12T16:31:38.706+10:00","transaction_id":"a5cac72e81b8312cdfba","end":"2017-06-12T16:31:38.708+10:00","children":[],"duration":1.817},{"name":"process_action.action_controller","payload":{"controller":"MagicController","action":"question","params":{"controller":"magic","action":"question"},"headers":"Not JSON Encodable","format":"html","method":"GET","path":"/games/magic","status":200,"view_runtime":14.061000023502856,"db_runtime":0},"time":"2017-06-12T16:31:38.692+10:00","transaction_id":"a5cac72e81b8312cdfba","end":"2017-06-12T16:31:38.710+10:00","children":[],"duration":17.887}]