[{"name":"render_template.action_view","payload":{"identifier":"/Users/Lingxiao/wdi/homework/lingxiao_wang/week04/games_on_rails/app/views/magic/play.html.erb","layout":"layouts/application"},"time":"2017-06-12T16:45:17.696+10:00","transaction_id":"0bbdd726579c59ef0e02","end":"2017-06-12T16:45:17.701+10:00","children":[],"duration":4.6899999999999995},{"name":"process_action.action_controller","payload":{"controller":"MagicController","action":"play","params":{"question":"i'll be rich","controller":"magic","action":"play"},"headers":"Not JSON Encodable","format":"html","method":"GET","path":"/games/magic/play?question=i%27ll+be+rich","status":200,"view_runtime":21.51900000171736,"db_runtime":0},"time":"2017-06-12T16:45:17.676+10:00","transaction_id":"0bbdd726579c59ef0e02","end":"2017-06-12T16:45:17.707+10:00","children":[],"duration":31.26}]