[{"name":"render_template.action_view","payload":{"identifier":"/Users/Lingxiao/wdi/homework/lingxiao_wang/week04/games_on_rails/app/views/magic/question.html.erb","layout":"layouts/application"},"time":"2017-06-12T16:31:40.940+10:00","transaction_id":"76b2734ae7dae58b3287","end":"2017-06-12T16:31:40.943+10:00","children":[],"duration":2.356},{"name":"process_action.action_controller","payload":{"controller":"MagicController","action":"question","params":{"controller":"magic","action":"question"},"headers":"Not JSON Encodable","format":"html","method":"GET","path":"/games/magic","status":200,"view_runtime":16.499999997904524,"db_runtime":0},"time":"2017-06-12T16:31:40.922+10:00","transaction_id":"76b2734ae7dae58b3287","end":"2017-06-12T16:31:40.945+10:00","children":[],"duration":22.509}]